"id","route","file"
"P001","/admin/audit-logs","frontend/src/app/(app)/admin/audit-logs/page.tsx"
"P002","/admin/data","frontend/src/app/(app)/admin/data/page.tsx"
"P003","/admin/departments","frontend/src/app/(app)/admin/departments/page.tsx"
"P004","/admin/employees","frontend/src/app/(app)/admin/employees/page.tsx"
"P005","/admin/mcp","frontend/src/app/(app)/admin/mcp/page.tsx"
"P006","/admin/users","frontend/src/app/(app)/admin/users/page.tsx"
"P007","/attendance","frontend/src/app/(app)/attendance/page.tsx"
"P008","/brands","frontend/src/app/(app)/brands/page.tsx"
"P009","/bundles/[id]","frontend/src/app/(app)/bundles/[id]/page.tsx"
"P010","/bundles","frontend/src/app/(app)/bundles/page.tsx"
"P011","/bundles/scan/cutting","frontend/src/app/(app)/bundles/scan/cutting/page.tsx"
"P012","/bundles/scan","frontend/src/app/(app)/bundles/scan/page.tsx"
"P013","/bundles/scan/printing","frontend/src/app/(app)/bundles/scan/printing/page.tsx"
"P014","/bundles/scan/sewing","frontend/src/app/(app)/bundles/scan/sewing/page.tsx"
"P015","/collections","frontend/src/app/(app)/collections/page.tsx"
"P016","/customers/[id]","frontend/src/app/(app)/customers/[id]/page.tsx"
"P017","/customers","frontend/src/app/(app)/customers/page.tsx"
"P018","/cutting-inventory","frontend/src/app/(app)/cutting-inventory/page.tsx"
"P019","/cutting-passports","frontend/src/app/(app)/cutting-passports/page.tsx"
"P020","/cutting/price-calculation","frontend/src/app/(app)/cutting/price-calculation/page.tsx"
"P021","/departments/[code]","frontend/src/app/(app)/departments/[code]/page.tsx"
"P022","/eco-fabric-transfers","frontend/src/app/(app)/eco-fabric-transfers/page.tsx"
"P023","/employees","frontend/src/app/(app)/employees/page.tsx"
"P024","/fabric-scans","frontend/src/app/(app)/fabric-scans/page.tsx"
"P025","/finance","frontend/src/app/(app)/finance/page.tsx"
"P026","/finance/price-calculation","frontend/src/app/(app)/finance/price-calculation/page.tsx"
"P027","/finished-goods","frontend/src/app/(app)/finished-goods/page.tsx"
"P028","/forecasting","frontend/src/app/(app)/forecasting/page.tsx"
"P029","/hr/analytics","frontend/src/app/(app)/hr/analytics/page.tsx"
"P030","/hr/attendance","frontend/src/app/(app)/hr/attendance/page.tsx"
"P031","/hr/calendar","frontend/src/app/(app)/hr/calendar/page.tsx"
"P032","/hr/documents","frontend/src/app/(app)/hr/documents/page.tsx"
"P033","/hr/employees","frontend/src/app/(app)/hr/employees/page.tsx"
"P034","/hr/organization","frontend/src/app/(app)/hr/organization/page.tsx"
"P035","/hr","frontend/src/app/(app)/hr/page.tsx"
"P036","/hr/positions","frontend/src/app/(app)/hr/positions/page.tsx"
"P037","/hr/recruitment","frontend/src/app/(app)/hr/recruitment/page.tsx"
"P038","/hr/settings","frontend/src/app/(app)/hr/settings/page.tsx"
"P039","/inventory/accessory-pricing","frontend/src/app/(app)/inventory/accessory-pricing/page.tsx"
"P040","/inventory/archive","frontend/src/app/(app)/inventory/archive/page.tsx"
"P041","/inventory/batches","frontend/src/app/(app)/inventory/batches/page.tsx"
"P042","/inventory/cutting-fabric-usage","frontend/src/app/(app)/inventory/cutting-fabric-usage/page.tsx"
"P043","/inventory/master-data","frontend/src/app/(app)/inventory/master-data/page.tsx"
"P044","/inventory","frontend/src/app/(app)/inventory/page.tsx"
"P045","/inventory/receive","frontend/src/app/(app)/inventory/receive/page.tsx"
"P046","/models/[id]","frontend/src/app/(app)/models/[id]/page.tsx"
"P047","/models","frontend/src/app/(app)/models/page.tsx"
"P048","/order-history","frontend/src/app/(app)/order-history/page.tsx"
"P049","/packages/[id]","frontend/src/app/(app)/packages/[id]/page.tsx"
"P050","/packages","frontend/src/app/(app)/packages/page.tsx"
"P051","/packages/scan","frontend/src/app/(app)/packages/scan/page.tsx"
"P052","/packaging/queue","frontend/src/app/(app)/packaging/queue/page.tsx"
"P053","/packaging/receive","frontend/src/app/(app)/packaging/receive/page.tsx"
"P054","/packaging/reports","frontend/src/app/(app)/packaging/reports/page.tsx"
"P055","/","frontend/src/app/(app)/page.tsx"
"P056","/payroll","frontend/src/app/(app)/payroll/page.tsx"
"P057","/payroll/qr-control","frontend/src/app/(app)/payroll/qr-control/page.tsx"
"P058","/payroll/reports/order-qr-status","frontend/src/app/(app)/payroll/reports/order-qr-status/page.tsx"
"P059","/payroll/reports/sewing-production","frontend/src/app/(app)/payroll/reports/sewing-production/page.tsx"
"P060","/payroll/scan","frontend/src/app/(app)/payroll/scan/page.tsx"
"P061","/planning/branded-stock","frontend/src/app/(app)/planning/branded-stock/page.tsx"
"P062","/planning","frontend/src/app/(app)/planning/page.tsx"
"P063","/process-qr","frontend/src/app/(app)/process-qr/page.tsx"
"P064","/processes","frontend/src/app/(app)/processes/page.tsx"
"P065","/production-orders/[id]","frontend/src/app/(app)/production-orders/[id]/page.tsx"
"P066","/production-orders","frontend/src/app/(app)/production-orders/page.tsx"
"P067","/profile","frontend/src/app/(app)/profile/page.tsx"
"P068","/purchasing","frontend/src/app/(app)/purchasing/page.tsx"
"P069","/purchasing/price-calculation","frontend/src/app/(app)/purchasing/price-calculation/page.tsx"
"P070","/purchasing/receiving","frontend/src/app/(app)/purchasing/receiving/page.tsx"
"P071","/sales-orders/[id]","frontend/src/app/(app)/sales-orders/[id]/page.tsx"
"P072","/sales-orders/first-grade","frontend/src/app/(app)/sales-orders/first-grade/page.tsx"
"P073","/sales-orders/new","frontend/src/app/(app)/sales-orders/new/page.tsx"
"P074","/sales-orders","frontend/src/app/(app)/sales-orders/page.tsx"
"P075","/sales/price-requests","frontend/src/app/(app)/sales/price-requests/page.tsx"
"P076","/search","frontend/src/app/(app)/search/page.tsx"
"P077","/settings","frontend/src/app/(app)/settings/page.tsx"
"P078","/sewing/daily-report","frontend/src/app/(app)/sewing/daily-report/page.tsx"
"P079","/sewing/floor","frontend/src/app/(app)/sewing/floor/page.tsx"
"P080","/sewing/flows","frontend/src/app/(app)/sewing/flows/page.tsx"
"P081","/shipments/history","frontend/src/app/(app)/shipments/history/page.tsx"
"P082","/shipments","frontend/src/app/(app)/shipments/page.tsx"
"P083","/traceability","frontend/src/app/(app)/traceability/page.tsx"
"P084","/usluga/models/[id]","frontend/src/app/(app)/usluga/models/[id]/page.tsx"
"P085","/usluga/models","frontend/src/app/(app)/usluga/models/page.tsx"
"P086","/usluga/orders/[id]/edit","frontend/src/app/(app)/usluga/orders/[id]/edit/page.tsx"
"P087","/usluga/orders/[id]","frontend/src/app/(app)/usluga/orders/[id]/page.tsx"
"P088","/usluga","frontend/src/app/(app)/usluga/page.tsx"
"P089","/warehouse-map","frontend/src/app/(app)/warehouse-map/page.tsx"
"P090","/warehouse-stock/count","frontend/src/app/(app)/warehouse-stock/count/page.tsx"
"P091","/warehouse-stock/models/[id]","frontend/src/app/(app)/warehouse-stock/models/[id]/page.tsx"
"P092","/warehouse-stock","frontend/src/app/(app)/warehouse-stock/page.tsx"
"P093","/waste","frontend/src/app/(app)/waste/page.tsx"
"P094","/work-orders/[id]/cutting","frontend/src/app/(app)/work-orders/[id]/cutting/page.tsx"
"P095","/work-orders/[id]/packaging","frontend/src/app/(app)/work-orders/[id]/packaging/page.tsx"
"P096","/work-orders/[id]/printing","frontend/src/app/(app)/work-orders/[id]/printing/page.tsx"
"P097","/work-orders/[id]/sewing","frontend/src/app/(app)/work-orders/[id]/sewing/page.tsx"
"P098","/work-orders","frontend/src/app/(app)/work-orders/page.tsx"
"P099","/image-preview","frontend/src/app/image-preview/page.tsx"
"P100","/login","frontend/src/app/login/page.tsx"
"P101","/presentation","frontend/src/app/presentation/page.tsx"
"P102","/reset-password","frontend/src/app/reset-password/page.tsx"