"label","destination","permissions","audience","superOnly","file","line"
"Process Tracking","/processes?factory=ECO","Additional role/factory rules","","","frontend/src/components/Sidebar.tsx","65"
"Fabric to Eco Cotton","/eco-fabric-transfers","[""inventory.eco_transfers""]","","","frontend/src/components/Sidebar.tsx","70"
"Fabric scan register","/fabric-scans","[""cutting.records"", ""cutting.bundles"", ""storage.receive"", ""storage.items"", ""planning.production"", ""management.view""]","","","frontend/src/components/Sidebar.tsx","75"
"Dashboard","/","Additional role/factory rules","","","frontend/src/components/Sidebar.tsx","81"
"Process Tracking","/processes","Additional role/factory rules","","","frontend/src/components/Sidebar.tsx","82"
"Traceability","/traceability","[""traceability.view"", ""*""]","","","frontend/src/components/Sidebar.tsx","83"
"nav.hrDashboard","/hr","[""hr.employees"", ""*""]","","","frontend/src/components/Sidebar.tsx","89"
"Price requests","/sales/price-requests","[""sales.orders""]","","","frontend/src/components/Sidebar.tsx","95"
"Sales Orders","/sales-orders","[""sales.orders""]","","","frontend/src/components/Sidebar.tsx","96"
"Order History","/order-history","[""sales.orders""]","","","frontend/src/components/Sidebar.tsx","97"
"Customers","/customers","[""sales.customers""]","","","frontend/src/components/Sidebar.tsx","98"
"Models","/models","[""modeling.models""]","","","frontend/src/components/Sidebar.tsx","104"
"Brands","/brands","[""modeling.brands""]","","","frontend/src/components/Sidebar.tsx","105"
"Collections","/collections","[""modeling.collections""]","","","frontend/src/components/Sidebar.tsx","106"
"Planning Dashboard","/planning","[""planning.view"", ""planning.production""]","","","frontend/src/components/Sidebar.tsx","112"
"Branded Stock Orders","/planning/branded-stock","[""planning.production""]","","","frontend/src/components/Sidebar.tsx","113"
"Forecasting","/forecasting","[""forecasting.view"", ""*""]","","","frontend/src/components/Sidebar.tsx","114"
"Production Orders","/production-orders","[""planning.production""]","","","frontend/src/components/Sidebar.tsx","115"
"Price requests","/purchasing/price-calculation","Additional role/factory rules","abbosbekPricing","","frontend/src/components/Sidebar.tsx","121"
"Purchase Requests","/purchasing","[""purchasing.view"", ""purchasing.request"", ""purchasing.approve"", ""purchasing.order"", ""*""]","","","frontend/src/components/Sidebar.tsx","122"
"Active Purchase Orders","/purchasing/receiving","[""purchasing.receive"", ""*""]","","","frontend/src/components/Sidebar.tsx","123"
"Accessory pricing","/inventory/accessory-pricing","Additional role/factory rules","accessoryPricing","","frontend/src/components/Sidebar.tsx","129"
"Material Inventory","/inventory?group=materials","[""storage.items"", ""storage.receive""]","","","frontend/src/components/Sidebar.tsx","130"
"Cutting fabric usage","/inventory/cutting-fabric-usage","[""storage.items"", ""storage.receive"", ""cutting.records"", ""planning.production""]","","","frontend/src/components/Sidebar.tsx","131"
"Accessory Inventory","/inventory?group=accessories","[""storage.items"", ""storage.receive""]","","","frontend/src/components/Sidebar.tsx","132"
"Master Data","/inventory/master-data","[""storage.items"", ""storage.suppliers"", ""*""]","","","frontend/src/components/Sidebar.tsx","133"
"Receive Fabric","/inventory/receive?group=materials","[""storage.receive""]","","","frontend/src/components/Sidebar.tsx","134"
"Receive Accessories","/inventory/receive?group=accessories","[""storage.receive""]","","","frontend/src/components/Sidebar.tsx","135"
"Batches","/inventory/batches","[""storage.items""]","","","frontend/src/components/Sidebar.tsx","136"
"Price requests","/cutting/price-calculation","[""cutting.records"", ""cutting.bundles"", ""admin.super""]","","","frontend/src/components/Sidebar.tsx","143"
"Cutting Floor","/departments/CUT","[""cutting.records"", ""cutting.bundles"", ""planning.production""]","","","frontend/src/components/Sidebar.tsx","144"
"Cutting Passports","/cutting-passports?cutting_department=CUT","[""cutting.records"", ""cutting.bundles"", ""planning.production""]","","","frontend/src/components/Sidebar.tsx","145"
"Bundle Inventory","/cutting-inventory?cutting_department=CUT","[""cutting.records"", ""cutting.bundles"", ""planning.production""]","","","frontend/src/components/Sidebar.tsx","146"
"Bundles","/bundles?cutting_department=CUT","[""cutting.bundles"", ""cutting.records"", ""planning.production""]","","","frontend/src/components/Sidebar.tsx","147"
"Scan Bundle","/bundles/scan/cutting","[""cutting.bundles"", ""cutting.records""]","","","frontend/src/components/Sidebar.tsx","148"
"Printing Floor","/departments/PRT","[""printing.records"", ""printing.bundles"", ""planning.production""]","","","frontend/src/components/Sidebar.tsx","154"
"Scan Bundle","/bundles/scan/printing","[""printing.bundles"", ""printing.records""]","","","frontend/src/components/Sidebar.tsx","155"
"Sewing Flows","/sewing/flows?factory=MIL","[""sewing.workspace"", ""sewing.flows""]","","","frontend/src/components/Sidebar.tsx","161"
"Daily Sewing Report","/sewing/daily-report?factory=MIL","[""sewing.workspace"", ""sewing.daily_reports.view""]","","","frontend/src/components/Sidebar.tsx","162"
"Sewing Floor","/departments/SEW","[""sewing.workspace""]","","","frontend/src/components/Sidebar.tsx","163"
"Milana Sewing","/departments/MIL","[""sewing.records"", ""sewing.bundles"", ""planning.production""]","","","frontend/src/components/Sidebar.tsx","164"
"Scan Bundle","/bundles/scan/sewing?factory=MIL","[""sewing.bundles"", ""sewing.records""]","","","frontend/src/components/Sidebar.tsx","165"
"Besttex Sewing","/departments/BST","[""sewing.records"", ""sewing.bundles"", ""planning.production""]","","","frontend/src/components/Sidebar.tsx","171"
"Sewing Flows","/sewing/flows?factory=BST","[""sewing.workspace"", ""sewing.flows""]","","","frontend/src/components/Sidebar.tsx","172"
"Daily Sewing Report","/sewing/daily-report?factory=BST","[""sewing.workspace"", ""sewing.daily_reports.view""]","","","frontend/src/components/Sidebar.tsx","173"
"Scan Bundle","/bundles/scan/sewing?factory=BST","[""sewing.bundles"", ""sewing.records""]","","","frontend/src/components/Sidebar.tsx","174"
"Besttex Packaging","/departments/BPK","[""packaging.records"", ""packaging.packages"", ""planning.production""]","","","frontend/src/components/Sidebar.tsx","175"
"Packages","/packages?packaging_department=BPK","[""packaging.packages"", ""packaging.records""]","","","frontend/src/components/Sidebar.tsx","176"
"Packing Queue","/packaging/queue?packaging_department=BPK","[""packaging.records"", ""planning.production""]","","","frontend/src/components/Sidebar.tsx","177"
"Receive from Sewing","/packaging/receive?packaging_department=BPK","[""packaging.records"", ""planning.production""]","","","frontend/src/components/Sidebar.tsx","178"
"Packaging reports","/packaging/reports?packaging_department=BPK","[""packaging.records"", ""packaging.packages"", ""planning.production""]","","","frontend/src/components/Sidebar.tsx","179"
"Eco Cotton Cutting","/departments/ECT","[""cutting.records"", ""cutting.bundles"", ""planning.production""]","","","frontend/src/components/Sidebar.tsx","185"
"Cutting fabric usage","/inventory/cutting-fabric-usage","[""storage.items"", ""storage.receive"", ""cutting.records"", ""planning.production""]","","","frontend/src/components/Sidebar.tsx","186"
"Cutting Passports","/cutting-passports?cutting_department=ECT","[""cutting.records"", ""cutting.bundles"", ""planning.production""]","","","frontend/src/components/Sidebar.tsx","187"
"Bundle Inventory","/cutting-inventory?cutting_department=ECT","[""cutting.records"", ""cutting.bundles"", ""planning.production""]","","","frontend/src/components/Sidebar.tsx","188"
"Bundles","/bundles?cutting_department=ECT","[""cutting.bundles"", ""cutting.records"", ""planning.production""]","","","frontend/src/components/Sidebar.tsx","189"
"Scan Bundle","/bundles/scan/cutting?cutting_department=ECT","[""cutting.bundles"", ""cutting.records""]","","","frontend/src/components/Sidebar.tsx","190"
"Eco Cotton Sewing","/departments/ECO","[""sewing.records"", ""sewing.bundles"", ""planning.production""]","","","frontend/src/components/Sidebar.tsx","196"
"Sewing Flows","/sewing/flows?factory=ECO","[""sewing.workspace"", ""sewing.flows""]","","","frontend/src/components/Sidebar.tsx","197"
"Daily Sewing Report","/sewing/daily-report?factory=ECO","[""sewing.workspace"", ""sewing.daily_reports.view""]","","","frontend/src/components/Sidebar.tsx","198"
"Scan Bundle","/bundles/scan/sewing?factory=ECO","[""sewing.bundles"", ""sewing.records""]","","","frontend/src/components/Sidebar.tsx","199"
"Eco Cotton Packaging","/departments/ECP","[""packaging.records"", ""packaging.packages"", ""planning.production""]","","","frontend/src/components/Sidebar.tsx","205"
"Packages","/packages?packaging_department=ECP","[""packaging.packages"", ""packaging.records""]","","","frontend/src/components/Sidebar.tsx","206"
"Packing Queue","/packaging/queue?packaging_department=ECP","[""packaging.records"", ""planning.production""]","","","frontend/src/components/Sidebar.tsx","207"
"Receive from Sewing","/packaging/receive?packaging_department=ECP","[""packaging.records"", ""planning.production""]","","","frontend/src/components/Sidebar.tsx","208"
"Packaging reports","/packaging/reports?packaging_department=ECP","[""packaging.records"", ""packaging.packages"", ""planning.production""]","","","frontend/src/components/Sidebar.tsx","209"
"Usluga planning","/usluga","[""usluga.view"", ""usluga.manage"", ""usluga.handover"", ""*""]","","","frontend/src/components/Sidebar.tsx","215"
"Usluga models","/usluga/models","[""usluga.view"", ""usluga.manage"", ""*""]","","","frontend/src/components/Sidebar.tsx","216"
"Packaging Floor","/departments/PKG","[""packaging.records"", ""packaging.packages"", ""planning.production""]","","","frontend/src/components/Sidebar.tsx","222"
"Packages","/packages?packaging_department=PKG","[""packaging.packages"", ""packaging.records""]","","","frontend/src/components/Sidebar.tsx","223"
"Packing Queue","/packaging/queue?packaging_department=PKG","[""packaging.records"", ""planning.production""]","","","frontend/src/components/Sidebar.tsx","224"
"Receive from Sewing","/packaging/receive?packaging_department=PKG","[""packaging.records"", ""planning.production""]","","","frontend/src/components/Sidebar.tsx","225"
"Packaging reports","/packaging/reports?packaging_department=PKG","[""packaging.records"", ""packaging.packages"", ""planning.production""]","","","frontend/src/components/Sidebar.tsx","226"
"Payroll Summary","/payroll","[""payroll.view"", ""payroll.manage"", ""payroll.pay""]","","","frontend/src/components/Sidebar.tsx","232"
"Sewing production report","/payroll/reports/sewing-production","[""payroll.view"", ""payroll.manage"", ""payroll.pay"", ""*""]","","","frontend/src/components/Sidebar.tsx","233"
"Order QR status","/payroll/reports/order-qr-status","[""payroll.view"", ""payroll.manage"", ""payroll.pay"", ""*""]","","","frontend/src/components/Sidebar.tsx","234"
"Process QR","/process-qr","[""payroll.scan"", ""*""]","","","frontend/src/components/Sidebar.tsx","235"
"Payroll Scan","/payroll/scan","[""payroll.scan"", ""*""]","","","frontend/src/components/Sidebar.tsx","236"
"QR Control","/payroll/qr-control","[""payroll.view"", ""payroll.manage"", ""*""]","","","frontend/src/components/Sidebar.tsx","237"
"Turnstile attendance","/attendance","[""attendance.view"", ""attendance.manage"", ""*""]","","","frontend/src/components/Sidebar.tsx","243"
"Finished Goods","/departments/FGS","Additional role/factory rules","","","frontend/src/components/Sidebar.tsx","249"
"Warehouse Stock","/warehouse-stock","[""storage.packages"", ""storage.shipment""]","","","frontend/src/components/Sidebar.tsx","250"
"Inventory count","/warehouse-stock/count","[""storage.packages"", ""storage.shipment""]","","","frontend/src/components/Sidebar.tsx","251"
"Scan Package","/packages/scan","[""storage.packages""]","","","frontend/src/components/Sidebar.tsx","252"
"Warehouse Map","/warehouse-map","[""storage.packages"", ""storage.shipment""]","","","frontend/src/components/Sidebar.tsx","253"
"Shipments","/shipments","[""storage.shipment""]","","","frontend/src/components/Sidebar.tsx","254"
"Shipment history","/shipments/history","[""storage.shipment""]","","","frontend/src/components/Sidebar.tsx","255"
"Waste Dashboard","/waste","Additional role/factory rules","","","frontend/src/components/Sidebar.tsx","261"
"Price calculation","/finance/price-calculation","[""finance.view""]","","","frontend/src/components/Sidebar.tsx","267"
"Finance Dashboard","/finance","[""finance.view""]","","","frontend/src/components/Sidebar.tsx","268"
"Users","/admin/users","[""admin.users""]","","","frontend/src/components/Sidebar.tsx","274"
"Departments","/admin/departments","[""*""]","","","frontend/src/components/Sidebar.tsx","275"
"Audit Logs","/admin/audit-logs","[""admin.audit""]","","","frontend/src/components/Sidebar.tsx","276"
"Employees","/admin/employees","[""hr.employees""]","","","frontend/src/components/Sidebar.tsx","277"
"MCP Access","/admin/mcp","Additional role/factory rules","","true","frontend/src/components/Sidebar.tsx","278"
"Data Console","/admin/data","Additional role/factory rules","","true","frontend/src/components/Sidebar.tsx","279"